review,label
"This product is amazing and works perfectly. I am very happy with my purchase.",genuine
"Excellent quality and fast delivery. I have been using it for two weeks and it works well.",genuine
"The product arrived on time and the build quality is good. Worth the money.",genuine
"Battery backup is decent and the product feels durable after regular use.",genuine
"I bought this for my daily use and overall performance has been satisfactory.",genuine
"The sound quality is clear and comfortable for long usage.",genuine
"Packaging was good and the product matched the description.",genuine
"I have used this product for a month and so far I have had no major issues.",genuine
"Really useful product. Setup was easy and everything worked as expected.",genuine
"Good value for the price. There are some small issues but overall I am satisfied.",genuine
"Best product ever!!! Buy this NOW!!! Five stars!!! Absolutely perfect!!!",fake
"OMG amazing amazing amazing product!!! Everyone MUST BUY THIS!!!",fake
"100% perfect product. Best on the market. Don't think just buy it!!!",fake
"Excellent excellent excellent!!! Five stars without even thinking!!!",fake
"This is the greatest product ever made. Totally unbelievable and perfect!!!",fake
"BUY THIS PRODUCT NOW!!! You will never find anything better anywhere!!!",fake
"Superb quality!!! Amazing!!! Fantastic!!! Must buy for everyone!!!",fake
"Five stars!!! Perfect seller!!! Perfect product!!! Perfect experience!!!",fake
"Best purchase of my life!!! Amazing amazing amazing!!! Highly recommended!!!",fake
"Absolutely incredible product!!! Everyone should buy this immediately!!!",fake