timestamp,review,result,confidence2026-09-26 17:15:54,The product arrived on time and the packaging was secure. I have been using it for two weeks and the quality is good. It works as described and I am satisfied with the purchase.,LIKELY GENUINE,60.01
2026-09-26 17:20:30,The product arrived on time and the packaging was secure. I have been using it for two weeks and the quality is good. It works as described and I am satisfied with the purchase.,LIKELY GENUINE,60.01
2026-09-26 17:30:06,"Excellent product, amazing quality and very useful.",LIKELY GENUINE,54.48
2026-09-26 17:30:06,"Best product ever, everyone must buy this!",POSSIBLY FAKE,60.83
2026-09-26 17:30:06,Product arrived on time and packaging was good.,LIKELY GENUINE,53.11
2026-09-26 17:30:06,"Very bad product, completely useless and fake.",POSSIBLY FAKE,52.29
2026-09-26 17:30:06,"Awesome quality, I am extremely happy with my purchase.",LIKELY GENUINE,58.79
2026-09-26 17:30:06,Cheap quality and not worth the money.,LIKELY GENUINE,57.38
2026-09-26 17:30:06,"Good product, works as described.",LIKELY GENUINE,56.23
2026-09-26 17:30:06,Five stars! This product changed my life completely!,POSSIBLY FAKE,53.64
2026-09-26 17:30:06,Product stopped working after two days.,POSSIBLY FAKE,52.29
2026-09-26 17:30:06,Nice product and reasonable price.,LIKELY GENUINE,53.11
2026-09-26 17:30:06,The quality is excellent and delivery was fast.,LIKELY GENUINE,58.77
2026-09-26 17:30:06,Worst purchase I have ever made.,LIKELY GENUINE,53.56
2026-09-26 17:30:06,Product looks exactly like the pictures.,POSSIBLY FAKE,52.29
2026-09-26 17:30:06,"Amazing amazing amazing, must buy immediately!",POSSIBLY FAKE,62.18
2026-09-26 17:30:06,The item was damaged when it arrived.,LIKELY GENUINE,52.66
2026-09-26 17:30:06,Good value for money and decent performance.,LIKELY GENUINE,58.52
2026-09-26 17:30:06,"Absolutely perfect, I cannot believe how great it is!",POSSIBLY FAKE,58.44
2026-09-26 17:30:06,Not satisfied with the product quality.,LIKELY GENUINE,55.97
2026-09-26 17:30:06,It works well and feels durable.,LIKELY GENUINE,58.86
2026-09-26 17:30:06,"Completely fake product, do not waste your money.",POSSIBLY FAKE,52.29
2026-09-26 17:30:28,"Excellent product, amazing quality and very useful.",LIKELY GENUINE,54.48
2026-09-26 17:30:28,"Best product ever, everyone must buy this!",POSSIBLY FAKE,60.83
2026-09-26 17:30:28,Product arrived on time and packaging was good.,LIKELY GENUINE,53.11
2026-09-26 17:30:28,"Very bad product, completely useless and fake.",POSSIBLY FAKE,52.29
2026-09-26 17:30:28,"Awesome quality, I am extremely happy with my purchase.",LIKELY GENUINE,58.79
2026-09-26 17:30:28,Cheap quality and not worth the money.,LIKELY GENUINE,57.38
2026-09-26 17:30:28,"Good product, works as described.",LIKELY GENUINE,56.23
2026-09-26 17:30:28,Five stars! This product changed my life completely!,POSSIBLY FAKE,53.64
2026-09-26 17:30:28,Product stopped working after two days.,POSSIBLY FAKE,52.29
2026-09-26 17:30:28,Nice product and reasonable price.,LIKELY GENUINE,53.11
2026-09-26 17:30:28,The quality is excellent and delivery was fast.,LIKELY GENUINE,58.77
2026-09-26 17:30:28,Worst purchase I have ever made.,LIKELY GENUINE,53.56
2026-09-26 17:30:28,Product looks exactly like the pictures.,POSSIBLY FAKE,52.29
2026-09-26 17:30:28,"Amazing amazing amazing, must buy immediately!",POSSIBLY FAKE,62.18
2026-09-26 17:30:28,The item was damaged when it arrived.,LIKELY GENUINE,52.66
2026-09-26 17:30:28,Good value for money and decent performance.,LIKELY GENUINE,58.52
2026-09-26 17:30:28,"Absolutely perfect, I cannot believe how great it is!",POSSIBLY FAKE,58.44
2026-09-26 17:30:28,Not satisfied with the product quality.,LIKELY GENUINE,55.97
2026-09-26 17:30:28,It works well and feels durable.,LIKELY GENUINE,58.86
2026-09-26 17:30:28,"Completely fake product, do not waste your money.",POSSIBLY FAKE,52.29
2026-09-26 17:32:11,"Excellent product, amazing quality and very useful.",LIKELY GENUINE,54.48
2026-09-26 17:32:11,"Best product ever, everyone must buy this!",POSSIBLY FAKE,60.83
2026-09-26 17:32:11,Product arrived on time and packaging was good.,LIKELY GENUINE,53.11
2026-09-26 17:32:11,"Very bad product, completely useless and fake.",POSSIBLY FAKE,52.29
2026-09-26 17:32:11,"Awesome quality, I am extremely happy with my purchase.",LIKELY GENUINE,58.79
2026-09-26 17:32:11,Cheap quality and not worth the money.,LIKELY GENUINE,57.38
2026-09-26 17:32:11,"Good product, works as described.",LIKELY GENUINE,56.23
2026-09-26 17:32:11,Five stars! This product changed my life completely!,POSSIBLY FAKE,53.64
2026-09-26 17:32:11,Product stopped working after two days.,POSSIBLY FAKE,52.29
2026-09-26 17:32:11,Nice product and reasonable price.,LIKELY GENUINE,53.11
2026-09-26 17:32:11,The quality is excellent and delivery was fast.,LIKELY GENUINE,58.77
2026-09-26 17:32:11,Worst purchase I have ever made.,LIKELY GENUINE,53.56
2026-09-26 17:32:11,Product looks exactly like the pictures.,POSSIBLY FAKE,52.29
2026-09-26 17:32:11,"Amazing amazing amazing, must buy immediately!",POSSIBLY FAKE,62.18
2026-09-26 17:32:11,The item was damaged when it arrived.,LIKELY GENUINE,52.66
2026-09-26 17:32:11,Good value for money and decent performance.,LIKELY GENUINE,58.52
2026-09-26 17:32:11,"Absolutely perfect, I cannot believe how great it is!",POSSIBLY FAKE,58.44
2026-09-26 17:32:11,Not satisfied with the product quality.,LIKELY GENUINE,55.97
2026-09-26 17:32:11,It works well and feels durable.,LIKELY GENUINE,58.86
2026-09-26 17:32:11,"Completely fake product, do not waste your money.",POSSIBLY FAKE,52.29
2026-09-26 17:33:15,"Excellent product, amazing quality and very useful.",LIKELY GENUINE,54.48
2026-09-26 17:33:15,"Best product ever, everyone must buy this!",POSSIBLY FAKE,60.83
2026-09-26 17:33:15,Product arrived on time and packaging was good.,LIKELY GENUINE,53.11
2026-09-26 17:33:15,"Very bad product, completely useless and fake.",POSSIBLY FAKE,52.29
2026-09-26 17:33:15,"Awesome quality, I am extremely happy with my purchase.",LIKELY GENUINE,58.79
2026-09-26 17:33:15,Cheap quality and not worth the money.,LIKELY GENUINE,57.38
2026-09-26 17:33:15,"Good product, works as described.",LIKELY GENUINE,56.23
2026-09-26 17:33:15,Five stars! This product changed my life completely!,POSSIBLY FAKE,53.64
2026-09-26 17:33:15,Product stopped working after two days.,POSSIBLY FAKE,52.29
2026-09-26 17:33:15,Nice product and reasonable price.,LIKELY GENUINE,53.11
2026-09-26 17:33:15,The quality is excellent and delivery was fast.,LIKELY GENUINE,58.77
2026-09-26 17:33:15,Worst purchase I have ever made.,LIKELY GENUINE,53.56
2026-09-26 17:33:15,Product looks exactly like the pictures.,POSSIBLY FAKE,52.29
2026-09-26 17:33:15,"Amazing amazing amazing, must buy immediately!",POSSIBLY FAKE,62.18
2026-09-26 17:33:15,The item was damaged when it arrived.,LIKELY GENUINE,52.66
2026-09-26 17:33:15,Good value for money and decent performance.,LIKELY GENUINE,58.52
2026-09-26 17:33:15,"Absolutely perfect, I cannot believe how great it is!",POSSIBLY FAKE,58.44
2026-09-26 17:33:15,Not satisfied with the product quality.,LIKELY GENUINE,55.97
2026-09-26 17:33:15,It works well and feels durable.,LIKELY GENUINE,58.86
2026-09-26 17:33:15,"Completely fake product, do not waste your money.",POSSIBLY FAKE,52.29
2026-09-26 17:35:29,"Excellent product, amazing quality and very useful.",LIKELY GENUINE,54.48
2026-09-26 17:35:29,"Best product ever, everyone must buy this!",POSSIBLY FAKE,60.83
2026-09-26 17:35:29,Product arrived on time and packaging was good.,LIKELY GENUINE,53.11
2026-09-26 17:35:29,"Very bad product, completely useless and fake.",POSSIBLY FAKE,52.29
2026-09-26 17:35:29,"Awesome quality, I am extremely happy with my purchase.",LIKELY GENUINE,58.79
2026-09-26 17:35:29,Cheap quality and not worth the money.,LIKELY GENUINE,57.38
2026-09-26 17:35:29,"Good product, works as described.",LIKELY GENUINE,56.23
2026-09-26 17:35:29,Five stars! This product changed my life completely!,POSSIBLY FAKE,53.64
2026-09-26 17:35:29,Product stopped working after two days.,POSSIBLY FAKE,52.29
2026-09-26 17:35:29,Nice product and reasonable price.,LIKELY GENUINE,53.11
2026-09-26 17:35:29,The quality is excellent and delivery was fast.,LIKELY GENUINE,58.77
2026-09-26 17:35:29,Worst purchase I have ever made.,LIKELY GENUINE,53.56
2026-09-26 17:35:29,Product looks exactly like the pictures.,POSSIBLY FAKE,52.29
2026-09-26 17:35:29,"Amazing amazing amazing, must buy immediately!",POSSIBLY FAKE,62.18
2026-09-26 17:35:29,The item was damaged when it arrived.,LIKELY GENUINE,52.66
2026-09-26 17:35:29,Good value for money and decent performance.,LIKELY GENUINE,58.52
2026-09-26 17:35:29,"Absolutely perfect, I cannot believe how great it is!",POSSIBLY FAKE,58.44
2026-09-26 17:35:29,Not satisfied with the product quality.,LIKELY GENUINE,55.97
2026-09-26 17:35:29,It works well and feels durable.,LIKELY GENUINE,58.86
2026-09-26 17:35:29,"Completely fake product, do not waste your money.",POSSIBLY FAKE,52.29
2026-09-26 17:41:56,"Excellent product, amazing quality and very useful.",LIKELY GENUINE,54.48
2026-09-26 17:41:56,"Best product ever, everyone must buy this!",POSSIBLY FAKE,60.83
2026-09-26 17:41:56,Product arrived on time and packaging was good.,LIKELY GENUINE,53.11
2026-09-26 17:41:56,"Very bad product, completely useless and fake.",POSSIBLY FAKE,52.29
2026-09-26 17:41:56,"Awesome quality, I am extremely happy with my purchase.",LIKELY GENUINE,58.79
2026-09-26 17:41:56,Cheap quality and not worth the money.,LIKELY GENUINE,57.38
2026-09-26 17:41:56,"Good product, works as described.",LIKELY GENUINE,56.23
2026-09-26 17:41:56,Five stars! This product changed my life completely!,POSSIBLY FAKE,53.64
2026-09-26 17:41:56,Product stopped working after two days.,POSSIBLY FAKE,52.29
2026-09-26 17:41:56,Nice product and reasonable price.,LIKELY GENUINE,53.11
2026-09-26 17:41:56,The quality is excellent and delivery was fast.,LIKELY GENUINE,58.77
2026-09-26 17:41:56,Worst purchase I have ever made.,LIKELY GENUINE,53.56
2026-09-26 17:41:56,Product looks exactly like the pictures.,POSSIBLY FAKE,52.29
2026-09-26 17:41:56,"Amazing amazing amazing, must buy immediately!",POSSIBLY FAKE,62.18
2026-09-26 17:41:56,The item was damaged when it arrived.,LIKELY GENUINE,52.66
2026-09-26 17:41:56,Good value for money and decent performance.,LIKELY GENUINE,58.52
2026-09-26 17:41:56,"Absolutely perfect, I cannot believe how great it is!",POSSIBLY FAKE,58.44
2026-09-26 17:41:56,Not satisfied with the product quality.,LIKELY GENUINE,55.97
2026-09-26 17:41:56,It works well and feels durable.,LIKELY GENUINE,58.86
2026-09-26 17:41:56,"Completely fake product, do not waste your money.",POSSIBLY FAKE,52.29
2026-09-26 17:43:27,"Excellent product, amazing quality and very useful.",LIKELY GENUINE,54.48
2026-09-26 17:43:27,"Best product ever, everyone must buy this!",POSSIBLY FAKE,60.83
2026-09-26 17:43:27,Product arrived on time and packaging was good.,LIKELY GENUINE,53.11
2026-09-26 17:43:27,"Very bad product, completely useless and fake.",POSSIBLY FAKE,52.29
2026-09-26 17:43:27,"Awesome quality, I am extremely happy with my purchase.",LIKELY GENUINE,58.79
2026-09-26 17:43:27,Cheap quality and not worth the money.,LIKELY GENUINE,57.38
2026-09-26 17:43:27,"Good product, works as described.",LIKELY GENUINE,56.23
2026-09-26 17:43:27,Five stars! This product changed my life completely!,POSSIBLY FAKE,53.64
2026-09-26 17:43:27,Product stopped working after two days.,POSSIBLY FAKE,52.29
2026-09-26 17:43:27,Nice product and reasonable price.,LIKELY GENUINE,53.11
2026-09-26 17:43:27,The quality is excellent and delivery was fast.,LIKELY GENUINE,58.77
2026-09-26 17:43:27,Worst purchase I have ever made.,LIKELY GENUINE,53.56
2026-09-26 17:43:27,Product looks exactly like the pictures.,POSSIBLY FAKE,52.29
2026-09-26 17:43:27,"Amazing amazing amazing, must buy immediately!",POSSIBLY FAKE,62.18
